category,tag
文学,小说
文学,外国文学
文学,文学
文学,随笔
文学,中国文学
文学,经典
文学,日本文学
文学,散文
文学,村上春树
文学,诗歌
文学,童话
文学,儿童文学
文学,古典文学
文学,名著
文学,王小波
文学,余华
文学,杂文
文学,张爱玲
文学,当代文学
文学,钱钟书
文学,外国名著
文学,鲁迅
文学,诗词
文学,茨威格
文学,米兰·昆德拉
文学,杜拉斯
文学,港台
流行,漫画
流行,推理
流行,绘本
流行,青春
流行,东野圭吾
流行,科幻
流行,悬疑
流行,言情
流行,奇幻
流行,武侠
流行,日本漫画
流行,推理小说
流行,耽美
流行,韩寒
流行,亦舒
流行,网络小说
流行,三毛
流行,科幻小说
流行,安妮宝贝
流行,阿加莎·克里斯蒂
流行,金庸
流行,穿越
流行,郭敬明
流行,轻小说
流行,魔幻
流行,青春文学
流行,几米
流行,幾米
流行,张小娴
流行,J.K.罗琳
流行,古龙
流行,高木直子
流行,校园
流行,沧月
流行,落落
流行,张悦然
文化,历史
文化,心理学
文化,哲学
文化,传记
文化,社会学
文化,文化
文化,艺术
文化,社会
文化,设计
文化,政治
文化,建筑
文化,宗教
文化,电影
文化,政治学
文化,数学
文化,中国历史
文化,回忆录
文化,思想
文化,国学
文化,人物传记
文化,人文
文化,艺术史
文化,音乐
文化,绘画
文化,戏剧
文化,西方哲学
文化,二战
文化,近代史
文化,军事
文化,佛教
文化,考古
文化,自由主义
文化,美术
生活,爱情
生活,成长
生活,生活
生活,旅行
生活,心理
生活,励志
生活,女性
生活,摄影
生活,教育
生活,职场
生活,美食
生活,游记
生活,灵修
生活,健康
生活,情感
生活,人际关系
生活,两性
生活,手工
生活,养生
生活,家居
生活,自助游
经管,经济学
经管,管理
经管,经济
经管,商业
经管,金融
经管,投资
经管,营销
经管,理财
经管,创业
经管,股票
经管,广告
经管,企业史
经管,策划
科技,科普
科技,互联网
科技,编程
科技,科学
科技,交互设计
科技,用户体验
科技,算法
科技,科技
科技,web
科技,交互
科技,UE
科技,通信
科技,UCD
科技,神经网络
科技,程序
