id,tags
25862578,东野圭吾 治愈 温暖 小说 日本 日本文学 東野圭吾 推理
1770782,追风筝的人 人性 救赎 阿富汗 小说 外国文学 卡勒德·胡赛尼 成长
2567698,科幻 刘慈欣 三体 科幻小说 中国科幻 硬科幻 中国 小说
3259440,东野圭吾 東野圭吾 推理 日本 悬疑 推理小说 日本文学 小说
3211779,东野圭吾 推理 日本 推理小说 悬疑 東野圭吾 小说 日本文学
27614904,女性 林奕含 自我保护 女性/性别 台湾文学 小说 台湾 现代文学
1008145,钱钟书 围城 中国文学 小说 经典 婚姻 现代文学 文学
6082808,百年孤独 加西亚·马尔克斯 经典 拉美文学 外国文学 魔幻现实主义 小说 文学
1200840,平凡的世界 路遥 中国文学 小说 人生 经典 文学 当代
10594787,霍乱时期的爱情 加西亚-马尔克斯 爱情 小说 加西亚·马尔克斯 拉美文学 外国文学 文学
3066477,科幻 刘慈欣 三体 科幻小说 小说 黑暗森林 中国 中国科幻
1016003,鲁滨逊漂流记 外国文学 小说 笛福 经典 名著 英国 外国名著
4820710,反乌托邦 乔治·奥威尔 政治 1984 政治寓言 小说 外国文学 英国
4908885,加缪 存在主义 法国 小说 局外人 外国文学 阿尔贝·加缪 法国文学
1068920,飘 外国文学 经典 爱情 小说 外国名著 美国 名著
1141406,简爱 外国文学 经典 爱情 小说 名著 英国 外国名著
1017143,米兰・昆德拉 不能承受的生命之轻 外国文学 小说 哲学 捷克 米兰·昆德拉 文学
1040771,悬疑 达・芬奇密码 小说 推理 宗教 丹・布朗 外国文学 丹·布朗
1041007,哈利波特 J.K.罗琳 魔幻 小说 英国 外国文学 哈利・波特 哈利·波特
1361264,三毛 撒哈拉的故事 旅行 散文 随笔 文学 爱情 台湾
1057244,沈从文 边城 乡土 中国文学 小说 经典 文学 湘西
1023045,杨绛 回忆录 我们仨 钱钟书 随笔 散文 回忆 亲情
20427187,柴静 纪实 随笔 看见 中国 社会学 传记 理想国
3995526,龙应台 散文 亲情 随笔 人生 台湾 目送 生活·读书·新知三联书店
1054685,王小波 杂文 沉默的大多数 思想 随笔 中国文学 文学 中国
3369600,村上春树 随笔 跑步 日本 日本文学 生活 散文 半自传
1865089,梭罗 瓦尔登湖 外国文学 散文 纯净 随笔 美国 文学
26278687,蔡崇达 散文 随笔 成长 散文随笔 中国文学 文学 小说
2070844,三毛 梦里花落知多少 散文 这样一个神奇女子 随笔 台湾 中国文学 文学
1209899,史铁生 散文 我与地坛 人生 中国文学 随笔 文学 中国当代文学
1449352,鲁迅 散文 中国文学 朝花夕拾 经典 文学 中国 现代文学
26610864,浮生六记 随笔 沈复 古典文学 中国文学 文学 经典 
1767945,王小波 一只特立独行的猪 杂文 中国文学 思想 文学 特立独行 中国
1043815,老舍 中国文学 骆驼祥子 小说 经典 社会 名著 现代文学
1082334,穆斯林的葬礼 小说 宗教 霍达 中国文学 爱情 穆斯林 经典
1085799,陈忠实 白鹿原 小说 中国文学 茅盾文学奖 农村 文学 中国
1022060,狼图腾 小说 草原 狼 姜戎 中国文学 文化 图腾
1254588,林海音 城南旧事 童年 中国文学 小说 小时候 儿童文学 文学
1089243,王小波 黄金时代 小说 中国文学 经典 文学 当代 中国
1090043,张爱玲 倾城之恋 爱情 小说 中国文学 经典 張愛玲 文学
1046265,村上春树 挪威的森林 日本文学 小说 日本 爱情 青春 外国文学
3646172,东野圭吾 推理 日本 推理小说 東野圭吾 悬疑 小说 日本文学
2159042,村上春树 日本文学 挪威的森林 日本 小说 青春 爱情 孤独
3136271,芥川龙之介 日本文学 日本 罗生门 小说 短篇小说 人性 短篇
1080370,岩井俊二 情书 日本 爱情 日本文学 小说 日本小说 青春
4742918,村上春树 日本 小说 1Q84 日本文学 村上春樹 文学 外国文学
1059419,村上春树 海边的卡夫卡 日本文学 小说 日本 青春 外国文学 文学
3071717,王小波 爱你就像爱生命 爱情 李银河 书信集 情书 中国文学 散文
2136140,三毛 雨季不再来 散文 成长 随笔 青春 台湾 中国文学
1253310,汪曾祺 散文 随笔 人间草木 散文随笔 中国文学 文学 闲淡
1039752,村上春树 且听风吟 日本文学 小说 日本 青春 文学 外国文学
26889236,村上春树 日本 日本文学 村上春樹 自传性作品 随笔 传记 自传
1291809,村上春树 世界尽头与冷酷仙境 日本文学 小说 日本 村上春樹 文学 外国文学
1015452,村上春树 小说 日本文学 日本 国境以南 太阳以西 村上春樹 文学
2158189,村上春树 日本文学 海边的卡夫卡 小说 日本 林少华 丢了一半的影子 外国文学
4885241,村上春树 日本 小说 1Q84 日本文学 村上春樹 文学 外国文学
5502995,村上春树 日本 小说 日本文学 1Q84 爱情 文学 外国文学
1020670,村上春树 舞!舞!舞! 日本文学 小说 日本 村上春樹 外国文学 文学
1058661,泰戈尔 诗歌 飞鸟集 外国文学 印度 诗集 经典 诗
25858680,诗歌 聂鲁达 巴勃罗·聂鲁达 诗 外国文学 拉美文学 爱情 拉美
26309691,诗歌 余秀华 诗 中国文学 诗集 中国 文学 2015
11584574,诗歌 辛波斯卡 外国文学 波兰 诗 诗集 波兰文学 文学
6975925,设计 朱赢椿 设计诗 诗歌 创意 书籍设计 平面设计 中国
3597825,诗歌 阿多尼斯 我的孤独是一座花园 外国文学 叙利亚 诗集 诗 阿拉伯
1045352,聂鲁达 诗歌 爱情 诗 智利 外国文学 外国诗歌 文学
1033825,顾城 诗歌 顾城的诗 中国文学 诗 诗集 文学 中国
1046209,童话 安徒生 外国文学 经典 儿童文学 安徒生童话 安徒生童话故事集 名著
3608208,牧羊少年奇幻之旅 保罗柯艾略 外国文学 小说 与心沟通 童话 巴西 成长
1036274,童话 夏洛的网 儿童文学 E・B・怀特 外国文学 美国 小说 童心
1071241,哈利波特 J.K.罗琳 魔幻 小说 英国 哈利·波特 外国文学 HarryPotter
3554154,阿狸 绘本 童话绘本 温暖 梦之城堡 童话 感动 爱
1039487,哈利波特 J.K.罗琳 魔幻 小说 英国 哈利·波特 外国文学 HarryPotter
1056733,几米 绘本 幾米 地下铁 漫画 台湾 繪本 童话
1009257,哈利波特 J.K.罗琳 魔幻 小说 英国 哈利・波特 外国文学 HarryPotter
6857344,奥斯卡·王尔德 童话 林徽因 王尔德 英国文学 外国文学 英国 文学
5993314,安吉拉·卡特 幻想 英国 外国文学 童话 小说 短篇小说集 英国文学
3576486,理财 投资理财 教育 投资 儿童文学 经济 育儿
1085470,科幻 凡尔纳 海底两万里 儒勒·凡尔纳 科幻小说 外国文学 小说 法国
1052990,曹文轩 儿童文学 草房子 童年 小说 中国文学 浪漫主义小说 中国
1064841,绿山墙的安妮 儿童文学 加拿大 外国文学 童话 经典 小说 蒙哥玛利
1318622,曹文轩 儿童文学 青铜葵花 纯净 成长 小说 中国文学 文学
1019568,三国演义 古典文学 古典名著 小说 罗贯中 历史 名著 中国
1008357,古典文学 水浒传 四大名著 小说 古典名著 中国 经典 名著
1883245,诗经 古典文学 诗歌 中国文学 古典诗词 古典 古籍 中国
1042053,古典文学 吴敬梓 小说 儒林外史 中国文学 古典 中国 文学
1053088,张岱 古典文学 明清散文 散文 明清笔记 随笔 古典 明清
1483894,四大名著 三国演义 小说 古典文学 罗贯中 中国古典 三国 文学
1085860,大仲马 基督山伯爵 外国文学 复仇 经典 小说 法国 名著
1014578,王小波 杂文 我的精神家园 随笔 思想 中国文学 文学 中国
1418686,王小波 红拂夜奔 小说 中国文学 幽默 当代文学 中国 文学
1082150,王小波 小说 白银时代 中国文学 文学 当代 中国 经典
1082406,王小波 黄金时代 小说 中国文学 中国当代文学 经典 文学 中国
3518332,王小波 绿毛水怪 小说 浪漫的灵魂 中国文学 文学 中国 经典
27013716,王小波 杂文 思想 自由主义 理性 随笔 中国文学 中国
1085883,王小波 青铜时代 小说 中国文学 当代 中国 文学 经典
1763806,王小波 小说 万寿寺 中国文学 文学 思维乐趣 中国 非常作品
3264665,王小波 小说 三十而立 中国文学 王二 文学 中国 生活
6902319,王小波 小说 夜行记 中国文学 当代文学 真正自由的人 中国 文学
1776683,王小波 杂文 沉默的大多数 思想 随笔 中国文学 中国 文学
20441957,余华 中国文学 小说 文革 兄弟 当代文学 哭了 欲望
24540864,余华 小说 第七天 中国文学 中国当代文学 中国 中国现当代文学 社会成长史 个体成长记
1401425,余华 小说 兄弟 文革 中国文学 当代 中国 兄弟(上)
1082154,余华 活着 小说 中国文学 人生 生活 文学 当代
1082138,余华 小说 在细雨中呼喊 中国文学 当代文学 人生 文学 中国
1061118,余华 小说 活着 苦难 中国文学 人生 当代文学 中国
1703544,余华 小说 兄弟 中国文学 兄弟(下) 当代 文革 中国
26291216,余华 随笔 杂文 散文随笔 中国现当代文学 中国文学 中国 文学
20406553,余华 残酷 小说 中国文学 现实一种 短篇 当代文学 中国
20397280,余华 短篇小说集 小说 中国文学 黄昏里的男孩 短篇 文学 中国
4882133,余华 小说 文革 中国文学 社会 思考 长篇小说 当代
1398395,鲁迅 狂人日记 中国文学 小说 经典 现代文学 文学 中国
1426971,龙应台 杂文 台湾 社会 思想 野火集 民主 文化
3344676,梁文道 时评 随笔 社会 杂文 文化 香港 常识
20425053,韩寒 杂文 随笔 调侃 文学 中国文学 散文随笔 中国
3860856,韩寒 杂文 可爱的洪水猛兽 犀利 中国 中国文学 青年意见领袖 文学
5275059,韩寒 小说 我想和这个世界谈谈 公路小说 1988 中国文学 中国 文学
3642673,梁文道 随笔 香港 散文 我执 杂文 文化 随笔散文
1014278,张爱玲 红玫瑰与白玫瑰 小说 爱情 中国文学 经典 張愛玲 文学
1963684,张爱玲 半生缘 小说 爱情 中国文学 文学 文学经典 中国
3017857,张爱玲 金锁记 小说 中国文学 经典 爱情 張愛玲 现代文学
10757940,张爱玲 爱情 小说 女性 倾城之恋 中国文学 经典 中国
1082162,张爱玲 第一炉香 小说 中国文学 爱情 女性 经典 張愛玲
10757939,张爱玲 小说 红玫瑰与白玫瑰 女性 爱情 中国文学 如人饮水，冷暖自知 文学
3616310,张爱玲 小团圆 小说 中国文学 传记 張愛玲 文学 中国
10757941,张爱玲 小说 文学 中国文学 小团圆 爱情 中国 爱恨倾城已入土
10757942,张爱玲 小说 怨女 爱情 文学 中国 现当代文学 现代文学
1985223,张爱玲 倾城之恋 小说 中国文学 爱情 经典 文学 中国
11614508,张爱玲 散文 中国文学 文学 散文杂文随笔 散文随笔 中国 绿意葱茏，光影中的流言
1024468,张爱玲 小说 中国文学 金锁记 女性文学 文学 中国 短篇集
26333998,张爱玲 小说 中国文学 文学 当代文学 中国 爱情 香港
1015403,胡兰成 今生今世 张爱玲 回忆录 散文 传记 随笔 文学
3803820,路遥 人生 小说 命运 中国文学 当代文学 经典 文学
1080309,阿来 西藏 小说 尘埃落定 中国文学 当代文学 茅盾文学奖 文学
3633461,刘震云 小说 一句顶一万句 当代文学 中国文学 中国当代小说 中国 文学
3012517,严歌苓 小说 小姨多鹤 当代文学 中国文学 女性 中国 日本
1069848,钱钟书 小说 围城 中国文学 经典 婚姻 文学 钱锺书
1041366,钱钟书 管锥编 国学 钱锺书 文艺理论 文学 经典 文化
1058679,钱钟书 小说 钱锺书 中国文学 文学 中国 幽默 短篇小说
1855364,钱钟书 围城 中国文学 小说 经典 人生 爱情 文学
1022914,钱钟书 钱锺书 谈艺录 文艺评论 国学 文学 文学评论 文学研究
1291211,杨绛 散文 文革 回忆录 干校六记 随笔 中国文学 回忆
2988964,钱钟书 钱锺书 管锥编 国学 文学 学术 笔记 生活·读书·新知三联书店
2988970,钱锺书 钱钟书 文学理论 谈艺录 古典文学 文学 生活·读书·新知三联书店 中国古典文学
4912688,杨绛 随笔 文革 散文 中国文学 中国 文学 生活·读书·新知三联书店
1006781,钱钟书 钱锺书 文学理论 比较文学 文学 七缀集 中国文学 文论
1205054,雨果 悲惨世界 外国文学 法国 经典 小说 名著 外国名著
1258498,莫泊桑 外国文学 法国 小说 项链 经典 名著 外国名著
1051193,欧·亨利 外国文学 麦琪的礼物 小说 经典 美国 外国名著 名著
2154960,茨威格 一个陌生女人的来信 爱情 外国文学 小说 奥地利 经典 文学
1006197,莎士比亚 戏剧 外国文学 哈姆莱特 经典 英国 名著 外国名著
1449348,鲁迅 中国文学 小说 彷徨 经典 中国 现代文学 文学
1157014,鲁迅 伤逝 爱情 中国文学 小说 经典 现代文学 文学
1203363,鲁迅 文学史 小说史 文学研究 小说 文艺理论 文学 中国
26285194,鲁迅 中国文学 小说 经典 故事新编 文学 中国 美文
5905348,陈丹青 鲁迅 随笔 文化 文学评论 中国 中国文学 文学
1856285,安意如 人生若只如初见 古典诗词 诗词 随笔 散文 文学 古典
11601199,王国维 诗词 国学 中国文学 文学评论 经典 文学 古典文学
2005705,叶嘉莹 诗词 古典文学 古典诗词 唐宋词十七讲 诗歌 文艺评论 中国
1201620,茨威格 历史 传记 人类群星闪耀时 外国文学 人文 奥地利 人生
1083762,茨威格 历史 传记 外国文学 人物传记 奥地利 文学 人物
1062343,茨威格 回忆录 历史 斯蒂芬・茨威格 传记 外国文学 欧洲 奥地利
1465543,茨威格 宗教 历史 异端的权利 思想 传记 奥地利 外国文学
3136255,茨威格 外国文学 爱情 小说 一个陌生女人的来信 奥地利 斯台芬·茨威格 经典
6538430,茨威格 历史 传记 人类群星闪耀时 人物传记 文学 外国文学 一个名人，一部经典
3757732,茨威格 传记 历史 人类的群星闪耀时 历史特写 外国文学 经典 奥地利
26271420,茨威格 暗恋 经典 小说 文学 奥地利 短篇小说集 欧洲文学
5404162,斯台芬·茨威格 茨威格 小说 外国文学 奥地利 女性 爱情 文学
1051524,茨威格 传记 玛丽·安托瓦内特 历史 斯蒂芬・茨威格 人物传记 外国文学 女性
26352569,茨威格 小说 外国文学 文学 奥地利 奥地利文学 短篇小说 文集
4920007,米兰·昆德拉 不能承受的生命之轻 外国文学 哲学 小说 捷克 文学 法国
6711405,米兰·昆德拉 外国文学 人性 小说 捷克 哲学 米兰·昆徳拉 文学
25900384,米兰·昆德拉 哲学 米兰・昆德拉 外国文学 爱情 小说 人生 捷克
1016486,米兰·昆德拉 小说 笑忘录 米兰・昆德拉 捷克 外国文学 文学 昆德拉
25900973,米兰·昆德拉 小说 捷克 外国文学 人性 爱情 谎言 上海译文出版社
25900366,米兰·昆德拉 文学评论 米兰・昆德拉 文学理论 外国文学 捷克 文学研究 文学
1400705,杜拉斯 情人 法国 小说 外国文学 爱情 玛格丽特・杜拉斯 玛格丽特·杜拉斯
3908240,玛格丽特·杜拉斯 法国文学 小说 爱情 杜拉斯 法国 外国文学 经典
25861387,玛格丽特·杜拉斯 法国文学 杜拉斯 小说 情人 法国 爱情 王道乾
1400707,杜拉斯 广岛之恋 玛格丽特・杜拉斯 法国 小说 外国文学 玛格丽特·杜拉斯 爱情
1793713,玛格丽特・杜拉斯 杜拉斯 法国 小说 中国北方的情人 外国文学 法国文学 爱情
1400717,杜拉斯 玛格丽特・杜拉斯 写作 法国 随笔 玛格丽特·杜拉斯 外国文学 文学
1793721,杜拉斯 玛格丽特・杜拉斯 法国 小说 琴声如诉 外国文学 玛格丽特·杜拉斯 法国文学
2147647,杜拉斯 玛格丽特·杜拉斯 物质生活 随笔 法国 玛格丽特・杜拉斯 外国文学 法国文学
3571554,杜拉斯 玛格丽特·杜拉斯 法国 小说 法国文学 玛格丽特・杜拉斯 外国文学 文学
2003634,杜拉斯 情人杜拉斯 法国 安德烈亚 玛格丽特・杜拉斯 外国文学 传记 爱情
1793718,杜拉斯 玛格丽特・杜拉斯 法国 爱 小说 玛格丽特·杜拉斯 法国文学 外国文学
26879325,玛格丽特·杜拉斯 杜拉斯 传记 法国 女性 法国文学 女性写作 文学
10529099,古龙 随笔 散文 武侠 随笔/杂文/书话/访谈 古龙随笔 台湾 2012
4169342,简媜 散文 台湾 台湾文学 散文随笔 女性 女儿红 女儿红，红似血。
26602392,绘本 治愈系 漫画 有爱好看又温暖 治愈 清新暖萌的漫画集 我想读这本书 美国
26755503,绘本 治愈 漫画 ❤温暖❤ 治愈系 我可以咬一口吗 美国 我想读这本书
3122531,漫画 科幻 木城幸人 日本 日本漫画 铳梦 经典 SF
1040211,福尔摩斯 推理 侦探 柯南道尔 侦探小说 经典 小说 英国
1827374,阿加莎·克里斯蒂 推理 英国 推理小说 侦探 小说 侦探推理 东方快车谋杀案
3006581,阿加莎·克里斯蒂 推理 悬疑推理 英国 小说 侦探推理 无人生还 外国文学
26877752,东野圭吾 推理 悬疑 日本推理 日本 恶意 小说 日本文学
25924253,东野圭吾 推理 悬疑 嫌疑人X的献身 日本 爱情 小说 日本文学
26864984,伊坂幸太郎 日本文学 日本 推理 小说 人生必读 外国文学 文学
24153048,阿加莎·克里斯蒂 推理 推理小说 侦探小说 英国 悬疑 小说 外国文学
24859822,阿加莎·克里斯蒂 推理 推理小说 悬疑 英国 小说 英国文学 外国文学
1358873,几米 绘本 幾米 月亮忘记了 漫画 台湾 月亮忘記了 繪本
1346815,高木直子 绘本 一個人住第5年 日本 漫画 生活 一个人住第5年 一个人
26414020,温暖 #我不喜欢这世界，我只喜欢你# 治愈 暖萌~ 青春 我想读这本书 乔一 特别特别喜欢的书
24754316,八月长安 青春 最好的我们 成长 小说 献给青春 校园 献给青春。
4231381,桐华 青春 那些回不去的年少时光 成长 小说 回忆 青春文学 人生如戏，戏如人生（纪实/小说）
2053249,麦田里的守望者 塞林格 小说 外国文学 青春 垮掉的一代 美国 反叛
1003000,悟空传 今何在 小说 网络小说 网络文学 西游记 中国 文学
1958227,九把刀 青春 那些年我们一起追的女孩 小说 台湾 爱情 台湾小说 那些年
28659562,请以你的名字呼唤我 小说 青春 外国文学 温暖 美国文学 callmebyyourname 美国
1020459,江南 此间的少年 青春 小说 校园 大学 网络小说 中国
4009552,东野圭吾 推理 日本 東野圭吾 小说 悬疑 推理小说 日本文学
26413027,东野圭吾 推理 日本 人性 小说 東野圭吾 日本文学 日系推理
3102324,东野圭吾 日本 推理 東野圭吾 小说 日本文学 悬疑 推理小说
4152754,东野圭吾 日本 推理 小说 東野圭吾 日本文学 亲情 时生
3713327,东野圭吾 推理 日本 東野圭吾 小说 伽利略系列 推理小说 日本文学
1192090,科幻 刘慈欣 科幻小说 球状闪电 小说 中国 大刘 经典
10767124,刘慈欣 科幻 科幻小说 小说 中国 人性 中国文学 硬科幻
26807573,刘慈欣 科幻 科幻小说 中国 小说 短篇小说集 短篇集 虚构-小说-科幻
26295448,科幻 科幻小说 小说 特德·姜 美国 外国文学 美国文学 特德姜
26210607,刘慈欣 科幻 科幻小说 小说 短篇集 中国 中国科幻 中国文学
1948901,盗墓笔记 南派三叔 盗墓 悬疑 小说 惊悚 网络小说 奇幻
1829226,肖申克的救赎 斯蒂芬·金 小说 外国文学 经典 希望 美国 悬疑
5916880,唐七公子 言情 小说 奇幻 爱情 玄幻 九州 网络小说
4871447,匪我思存 言情 太虐了。。。 小说 东宫 古代 爱情 古言
1812439,桐华 穿越 步步惊心 小说 言情 清宫穿越小说 清穿 网络小说
3879301,顾漫 言情 小说 网游 青春 爱情 温馨 大神
1461903,顾漫 何以笙箫默 小说 爱情 言情 青春 网络小说 网络文学
2022979,亦舒 喜宝 小说 爱情 香港 金钱 成长 言情
1886385,匪我思存 言情 来不及说我爱你 小说 民国 爱情 悲情 碧甃沉
2283084,桐华 云中歌 言情 小说 古代 爱情 网络小说 宫廷斗争
3426869,唐七公子 言情 三生三世 小说 玄幻 十里桃花 爱情 抄袭
2295163,哈利波特 J.K.罗琳 魔幻 小说 英国 HarryPotter 哈利·波特 外国文学
25825717,江南 龙族 奇幻 小说 青春 热血 虐心 中国
6434543,江南 龙族 奇幻 热血 小说 青春 衰小孩 幻想
26962859,尼尔·盖曼 奇幻 小说 奇幻小说 美国文学 科幻 美国 外国文学
1336330,冰与火之歌 奇幻 乔治·马丁 小说 史诗 西方奇幻 魔幻 外国文学
1321017,九州 江南 缥缈录 奇幻 小说 奇幻小说 中国 经典
1255624,金庸 武侠 神雕侠侣 小说 武侠小说 经典 爱情 中国
27198567,武侠 priest 大气 小说 言情 热血 有匪 成长
1919201,沧月 武侠 七夜雪 小说 爱情 奇幻 武侠玄幻 沧月-《七夜雪》
1049219,韩寒 小说 长安乱 幽默 武侠 青春 80后 中国
1559310,金庸 武侠 小说 武侠小说 鹿鼎记 经典 中国 香港
26886310,武侠 武侠小说 Priest 小说 言情 priest 晋江 成长
2326571,琅琊榜 小说 权谋 架空 海宴 网络小说 宫廷斗争 武侠
26939973,日本 生活方式 漫画 谷口治郎 散步去 文学 日本漫画 散步
3122534,漫画 日本 木城幸人 科幻 日本漫画 铳梦 经典 SF
26840298,阿加莎·克里斯蒂 侦探推理 推理 无人生还 推理小说 英国文学 小说 推理小说。
3187737,岛田庄司 推理 日本 推理小说 小说 占星术杀人魔法 悬疑 日本文学
26923390,紫金陈 推理 悬疑 国产推理 推理小说 中国 小说 好书，值得一读
1009160,韩寒 小说 像少年啦飞驰 青春 80后 幽默 中国 中国文学
3394338,韩寒 小说 他的国 讽刺 青春 中国 超现实 中国文学
24851617,韩寒 小说 公路小说 社会 当代文学 青春 中国 1988
3009033,韩寒 杂文 杂的文 随笔 博客 中国 中国文学 80后
1063245,韩寒 杂文 通稿2003 中国 80后 青春 小说 文学
1034108,韩寒 零下一度 小说 杂文 青春 80后 中国 散文
1914078,韩寒 小说 三重门 青春 80后 中国文学 中国 文学
25931540,韩寒 随笔 电影 梦想 历程 闲时翻阅 后会无期 理想
5292912,韩寒 我想和这个世界谈谈 小说 1988 公路小说 中国文学 80后 成长
1440101,韩寒 就这么漂来漂去 随笔 赛车 杂文 中国 80后 小说
3279242,韩寒 小说 三重门 青春文学 校园 青春 中国 中国文学
2230208,亦舒 我的前半生 小说 女性 爱情 香港 言情 中国文学
1470158,亦舒 小说 圆舞 爱情 香港 言情 师太 情感
2115040,亦舒 小说 玫瑰的故事 爱情 香港 言情 师太 中国文学
1030153,亦舒 她比烟花寂寞 小说 香港 爱情 言情 师太 中国文学
1484300,亦舒 小说 香港 承欢记 女性 师太 爱情 言情
2284090,亦舒 小说 开到荼縻 香港 爱情 言情 师太 中国文学
1046172,亦舒 流金岁月 小说 友情 香港 爱情 师太 言情
1613372,亦舒 喜宝 小说 爱情 香港 女性 言情 师太
1957045,亦舒 小说 印度墨 香港 爱情 师太 言情 物质与爱情的选择
3439439,亦舒 小说 朝花夕拾 香港 爱情 言情 师太 科幻
1051797,亦舒 喜宝 小说 香港 爱情 言情 师太 文学
1322158,亦舒 小说 同门 香港 师太 言情 爱情 女性
1470159,"亦舒 小说 流金岁月 香港 友情 师太 青春,友情,现实 爱情"
1361268,亦舒 小说 朝花夕拾 香港 爱情 科幻 师太 言情
1873231,历史 明朝那些事儿 当年明月 明朝 中国历史 明史 小说 朱元璋
3674537,历史 明朝那些事儿 当年明月 明朝 小说 中国文学 中国历史 中国
1036490,三毛 万水千山走遍 旅行 散文 游记 随笔 流浪 台湾
6710437,三毛 撒哈拉的故事 旅行 生活 沙漠 生命 中国文学 散文
1029111,三毛 哭泣的骆驼 散文 台湾 流浪 游记 中国文学 沙漠
2068249,三毛 温柔的夜 散文 随笔 台湾 文学 流浪 中国文学
1060068,三毛 撒哈拉的故事 散文 随笔 游记 台湾 中国文学 文学
3607117,三毛 散文 稻草人手记 台湾 随笔 中国文学 散文杂文随笔 文学
6558707,三毛 散文 梦里花落知多少 台湾 散文随笔杂文 echo 中国文学 随笔
6558705,三毛 散文 随笔 雨季不再来 台湾 回忆 中国文学 散文随笔杂文
1065239,三毛 我的宝贝 散文 随笔 台湾 中国文学 生活 文学
3698390,三毛 散文 送你一匹马 随笔 台湾 中国文学 文学 三毛echo
6820477,三毛 剧本 台湾 人生底事，往来如梭 中国文学 文学 戏剧 爱情
6815826,三毛 书信 随笔 台湾 散文随笔杂文 生活 中国文学 散文
6558709,三毛 旅行 散文 随笔 台湾 散文随笔杂文 人生 游记
6558708,三毛 散文 随笔 台湾 生活 旅行 中国文学 文学
1440243,科幻 科幻小说 小说 波兰 索拉里斯星 莱姆 哲学 外国文学
1529893,安妮宝贝 莲花 小说 墨脱 行走 西藏 文学 安妮
1063190,安妮宝贝 蔷薇岛屿 游记 行走 随笔 散文 安妮 小说
1029159,安妮宝贝 八月未央 小说 爱情 散文 青春 安妮 文学
6710720,安妮宝贝 春宴 小说 文艺 行走 中国文学 安妮寶貝 亲爱的安妮。
1016523,安妮宝贝 告别薇安 小说 爱情 安妮 网络文学 中国 文学
1065970,安妮宝贝 彼岸花 小说 爱情 颓废 安妮 文学 中国
25898124,安妮宝贝 庆山 散文随笔 随笔 修行 旅行 散文 2014
26785701,庆山 安妮宝贝 随笔 散文随笔 月童度河 散文 文学 成长
1058234,安妮宝贝 二三事 小说 安妮 爱情 颓废 文学 中国
20413794,安妮宝贝 随笔 眠空 散文 自身的孤独。 文艺 散文随笔 安妮宝贝新书
26900050,庆山 摄影 安妮宝贝 随笔散文 随笔 2016 中国 慶山
1436348,安妮宝贝 八月未央 小说 散文 安妮 爱情 文学 写字女子
1818347,阿加莎·克里斯蒂 推理 英国 小说 侦探 侦探推理 尼罗河上的惨案 侦探小说
1807516,阿加莎·克里斯蒂 推理 英国 小说 侦探 悬疑 侦探推理 侦探小说
1903164,阿加莎·克里斯蒂 推理 英国 小说 侦探推理 推理小说 侦探 侦探小说
1076045,金庸 武侠 小说 连城诀 武侠小说 经典 中国 中国文学
1082319,金庸 武侠 小说 武侠小说 倚天屠龙记 经典 中国 香港
1058956,金庸 武侠 小说 武侠小说 碧血剑 中国 中国文学 香港
1212908,金庸 武侠 小说 神雕侠侣 武侠小说 经典 爱情 中国
3155622,穿越 猫腻 庆余年 小说 网络小说 架空历史 玄幻 武侠
2009825,穿越 绾青丝 小说 言情 网络小说 波波 晋江 爱情
10468852,种田文 宅斗 穿越 小说 关心则乱 言情 古风 晋江
1668021,黄易 武侠 小说 穿越 寻秦记 玄幻 武侠小说 历史
6437035,穿越 天下归元 言情 扶摇 小说 架空 古风 长孙无极腹黑
4833933,桩桩 穿越 言情 小女花不弃 小说 古代 网络小说 架空
6139592,穿越 潇湘冬儿 言情 特工 小说 女强 楚乔 诸葛玥
3561591,穿越 凤囚凰 言情 小说 天衣有风 古代 网络小说 楚玉
3123939,穿越 不负如来不负卿 鸠摩罗什 言情 小说 爱情 网络小说 小春
2062200,郭敬明 悲伤逆流成河 小说 青春 成长 青春文艺 小四 80后
1016300,郭敬明 梦里花落知多少 小说 青春 80后 爱情 小四 中国
1059406,郭敬明 小说 幻城 奇幻 青春 魔幻 80后 中国
4818929,郭敬明 青春 1995-2005夏至未至 青春文学 小说 夏至未至 校园 小四
4038164,郭敬明 小时代2.0 小说 青春 青春文学 小时代 中国 小四
6828611,郭敬明 小时代 小说 青春 3.0 青春文学 爱情 爱顾里
3056892,郭敬明 小说 玄幻 青春 幻城 幻城(新版) 中国 小四
4920037,郭敬明 奇幻 临界·爵迹 小说 爵迹 青春文学 中国 柯艾
1049189,郭敬明 1995-2005夏至未至 小说 青春 忧伤 青春文学 夏至未至 80后
4920036,郭敬明 奇幻 临界·爵迹 小说 爵迹 青春文学 中国 小四
2700656,郭敬明 悲伤逆流成河 小说 青春 悲伤 青春文学 悲伤逆流成河黄金版 小四
1006881,"郭敬明 左手倒影,右手年华 青春 散文 小说 80后 青春文学 小四"
1041550,郭敬明 爱与痛的边缘 青春 散文 小说 80后 青春文学 成长
1948502,郭敬明 夏至未至 小说 青春 1995-2005夏至未至 青春文学 小四 80后
1006646,郭敬明 小说 幻城 玄幻 青春 奇幻 80后 魔幻
25752955,科幻 日本文学 日本 贵志佑介 反乌托邦 小说 贵志祐介 轻小说
26314932,新海诚 日本文学 轻小说 日本 小说 言叶之庭 青春 唯美
4898551,森见登美彦 日本 日本文学 轻小说 小说 青春 幻想 森見登美彥
24383185,米泽穗信 轻小说 推理 日本 日系推理 古典部系列 日常推理 日本文学
21460732,秒速五厘米 新海诚 日本 日本文学 青春 小说 爱情 文学
2972547,轻小说 文学少女 野村美月 日本 日本文学 文学少女系列 小说 輕小說
20473089,森见登美彦 日本文学 日本 小说 奇幻 轻小说 森見登美彥 猫
3920144,森見登美彥 日本 轻小说 日本文学 小说 森见登美彦 青春 森見登美彦
21979017,奇幻 J.R.R.托尔金 魔戒 小说 英国 外国文学 魔幻 托尔金
20370889,奇幻 托尔金 魔戒 小说 魔幻 J.R.R.Tolkien 英国 外国文学
27124847,扬·马特尔 外国文学 小说 魔幻现实 外国小说 文学 魔幻 加拿大
1040104,魔戒 魔幻 托尔金 小说 奇幻 英国 外国文学 经典
4874131,笛安 小说 东霓 青春文学 青春 柯艾 中国文学 中国
25829434,八月长安 暗恋 青春 橘生淮南 洛枳 小说 献给青春。 盛淮南
3598313,笛安 西决 小说 青春 青春文学 柯艾 中国 生活
3665874,幾米 绘本 几米 星空 成长 心灵 漫画 台湾
1070441,几米 绘本 幾米 月亮忘记了 台湾 漫画 繪本 Jimmy
1021847,几米 绘本 幾米 我的心中每天开出一朵花 漫画 台湾 繪本 童话
10553760,绘本 幾米 几米 台湾 人生 电影 梦想 漫画/绘本
1059937,几米 绘本 幾米 微笑的鱼 台湾 漫画 繪本 童话
1061367,绘本 几米 幾米 幸运儿 台湾 漫画 繪本 jimmy
6007431,幾米 绘本 我不是完美小孩 几米 童心 成长 漫画 台湾
1013248,几米 绘本 幾米 向左走向右走 台湾 漫画 爱情 画册
1049190,几米 绘本 幾米 森林里的秘密 台湾 漫画 繪本 童话
20418203,幾米 绘本 几米 温暖 站在原地，陪他做梦。 爱 台湾 漫画
4237837,绘本 幾米 几米 台湾 月亮忘记了 漫画 有些甜蜜，有些忧伤 童话
1761056,绘本 几米 幾米 蓝石头 台湾 漫画 繪本 童话
1049354,几米 绘本 幾米 又寂寞又美好 台湾 漫画 繪本 插画
1367964,几米 绘本 幾米 布瓜的世界 漫画 台湾 繪本 台灣
1045247,张小娴 面包树上的女人 爱情 小说 香港 言情 现代小说 中国文学
1028780,张小娴 小说 CUP的女人 爱情 香港 三个A 言情 现代小说
3053868,张小娴 散文 永远永远不说再见 爱情 随笔 永不永不说再见 香港 小说
1032945,张小娴 荷包里的单人床 小说 爱情 香港 言情 爱情小说 现代小说
26434140,张小娴 爱情 雪地里的单车 情感 蜗牛奄列 现代言情 小说 单车
3176766,张小娴 爱情 小说 三个Acup的女人 香港 言情 女性 張小嫻
19989621,张小娴 爱情 小说 面包树系列之一 青春 成长 香港 言情
3264136,张小娴 小说 爱情 情人无泪 香港 言情 中国文学 張小嫻
26126183,哈利·波特 J.K.罗琳 魔幻 英国文学 小说 奇幻 奇幻小说 成长
19898714,J.K.罗琳 小说 英国文学 英国 外国文学 悬疑 2012 文学
3338175,J.K.罗琳 诗翁彼豆故事集 HarryPotter 英国 童话 哈利波特 哈利·波特 魔幻
26984868,J.K.罗琳 剧本 HarryPotter J.K.Rowling 英国 奇幻 英国文学 外国文学
1028779,哈利波特 J.K.罗琳 神奇动物在哪里 英国 HarryPotter 魔幻 哈利・波特 奇幻
26126497,哈利·波特 J.K.罗琳 英国文学 小说 魔幻 英国 奇幻 奇幻小说
26126545,哈利·波特 J.K.罗琳 奇幻小说 魔幻 英国文学 英国 小说 奇幻
26126139,哈利·波特 J.K.罗琳 英国文学 小说 英国 儿童文学 奇幻小说 魔幻
25840545,推理 J.K.罗琳 JK罗琳 英国 小说 悬疑-推理 悬疑 外国文学
26126498,哈利·波特 J.K.罗琳 奇幻 英国文学 小说 英国 魔幻 儿童文学
1214898,哈利波特 J.K.罗琳 小说 魔幻 英国 HarryPotter 哈利·波特 外国文学
1422833,古龙 武侠 小说 小李飞刀 武侠小说 多情剑客无情剑 李寻欢 中国
1264579,古龙 武侠 小说 欢乐英雄 武侠小说 经典 中国 台湾
1089512,古龙 武侠 陆小凤传奇 小说 武侠小说 陆小凤 经典 中国
1089521,古龙 武侠 小说 楚留香传奇 武侠小说 楚留香 台湾 中国
1704006,古龙 武侠 小说 武侠小说 边城浪子 傅红雪 叶开 中国
1089511,古龙 武侠 小说 三少爷的剑 武侠小说 台湾 中国 经典
20516996,古龙 武侠 小说 陆小凤 武侠小说 中国 中国文学 台湾
20516999,古龙 武侠 小说 陆小凤 武侠小说 中国 经典 中国文学
1480630,古龙 武侠 小说 天涯明月刀 武侠小说 台湾 中国 中国文学
21778489,古龙 武侠 小说 武侠小说 萧十一郎 中国 中国文学 台湾
1089518,古龙 武侠 萧十一郎 小说 武侠小说 台湾 经典 中国
20516998,古龙 武侠 小说 陆小凤 武侠小说 中国 台湾 经典
1089510,古龙 武侠 小说 武侠小说 流星·蝴蝶·剑 台湾 中国 流星蝴蝶剑
1089515,古龙 武侠 小说 武侠小说 武林外史 沈浪 中国 台湾
20516992,古龙 武侠 小说 陆小凤 武侠小说 中国 台湾 中国文学
20516997,古龙 武侠 小说 武侠小说 陆小凤 中国 台湾 中国文学
4780102,高木直子 绘本 日本 一个人住第九年 漫画 生活 日本漫画 繪本
5940434,高木直子 绘本 美食 日本 旅行 漫画 生活 食物
1344548,高木直子 绘本 日本 150cm生活 漫画 繪本 生活 150cm
1475048,高木直子 绘本 日本 150cm 漫画 Life 2 繪本
26411083,高木直子 绘本 日本 漫画 治愈 一个人的小繁华 生活 漫画/绘本
2258803,高木直子 绘本 一个人旅行 日本 旅行 漫画 一個人去旅行 生活
1336968,高木直子 绘本 日本 一個人上東京 漫画 一个人上东京 生活 繪本
25810830,高木直子 绘本 日本 旅行 漫画 游记 生活 第一次一个人旅行
25789620,高木直子 绘本 日本 漫画 成长 生活 日本文学 理想
1780565,高木直子 绘本 日本 一个人的第一次 漫画 生活 繪本 一個人的第一次
26591331,八月长安 青春 成长 校园 林杨周周呀 小说 成长历程 喜欢
5988597,木浮生 师生恋 言情 小说 独家记忆 慕承和 男主是极品啊啊啊啊~~~~好久没有遇到过这么爱的淡雅极品男主了 爱情
6773643,八月长安 暗恋 青春 小说 言情 消耗掉青春所有的耐心 成长 爱情
1291760,明晓溪 会有天使替我爱你 小说 青春 爱情 言情 校园 青春文学
7047148,东野圭吾 推理 日本 小说 東野圭吾 日本文学 日系推理 推理小说
1007334,青春 草样年华 小说 孙睿 校园 大学 颓废 爱情
1326828,沧月 奇幻 镜・双城 小说 镜 玄幻 武侠 苏摩
2271450,沧月 镜 奇幻 小说 镜·神寂 玄幻 云荒 武侠
1256186,沧月 武侠 护花铃 小说 听雪楼 奇幻 玄幻 爱情
1442920,沧月 奇幻 小说 镜·破军 镜 玄幻 武侠 云荒
1010520,沧月 武侠 血薇 小说 听雪楼 奇幻 玄幻 中国
1478487,沧月 武侠 曼珠沙华 小说 奇幻 玄幻 爱情 中国
26133411,沧月 武侠 听雪楼 小说 武侠、玄幻、奇幻 武侠小说 忘川 中国
26134061,沧月 武侠 听雪楼 小说 武侠、玄幻、奇幻 武侠奇幻 中国 言情
2114580,沧月 武侠 听雪楼 小说 听雪楼沧月系列典藏版 奇幻 玄幻 经典
3177087,沧月 小说 奇幻 风玫瑰 武侠 爱情 玄幻 言情
2382711,沧月 奇幻 镜 小说 镜·龙战 玄幻 云荒 武侠
1313159,沧月 武侠 大漠荒颜 小说 奇幻 玄幻 爱情 中国
5938338,沧月 奇幻 小说 武侠 爱情 玄幻 中国 沧月作品
2382709,沧月 奇幻 镜 小说 镜・辟天 玄幻 云荒 武侠
1476533,沧月 奇幻 小说 镜·龙战 镜 玄幻 武侠 云荒
1467382,沧月 奇幻 镜·龙战 小说 镜 玄幻 武侠 云荒
1313156,沧月 武侠 帝都赋 小说 奇幻 玄幻 爱情 中国
1440089,落落 那些生命中温暖而美好的事情 小说 青春 温暖 青春文学 小说集 80后
5403007,落落 小说 青春 青春文学 柯艾 最世 文艺 乙女心✿
1227838,落落 年华是无效信 青春 小说 少女情怀 青春文学 校园 80后
4746554,落落 青春 年华是无效信 小说 友情 青春文学 感动 柯艾
6088152,落落 散文 千秋 小说 青春文学 短篇 青春 柯艾
11505945,落落 小说 爱情 文艺 剩女 最世 中国文学 柯艾
26262056,落落 有生之年 冰岛 摄影 最世 落落！！！ 青春 终于遇见你
6511745,落落 摄影图文集 随笔 万象 散文 文艺腔 柯艾 落's
2342023,最小说 郭敬明 杂志 青春 青春文学 小四 小说 落落
1069071,郭敬明 I5LAND 岛 杂志 青春 小四 小说 80后
25730234,落落 青春 文艺风象 17岁 摄影 治愈 青春文学 最世
2298304,最小说 郭敬明 杂志 青春 青春文学 小四 落落 小说
26821459,张悦然 小说 中国文学 长篇小说 文学 成长 很有吸引力的书 中国
27124852,张悦然 小说 当代文学 短篇 文学 中国 好书，值得一读 成长
1018153,张悦然 水仙已乘鲤鱼去 小说 青春 80后 爱情 中国 现代小说
5340278,张悦然 誓鸟 小说 青春 文学 爱情 青春的筏。 中国
5341136,张悦然 水仙已乘鲤鱼去 小说 很久以前读过的书了 青春 青春文学 中国 爱情
4727980,张悦然 鲤 杂志 上瘾 青春 鲤系列 小说 文学
10451782,张悦然 鲤 杂志 散文 鲤。 主题书 周嘉宁 青年读本
1914572,张悦然 誓鸟 小说 青春 80后 记忆 文学 最美的梦
26220763,鲤 张悦然 杂志 MOOK 随笔散文 随笔 生活 没有了班、我就昨夜早早睡去、清晨早早醒来、趁着太阳未出来浇完所
1074841,张悦然 葵花走失在1890 小说 青春 80后 青春文学 中国 文学
25895467,鲤 张悦然 杂志 我想读这本书。 文学 2014 中国 周嘉宁
1041482,历史 黄仁宇 万历十五年 明朝 中国历史 明史 大历史 中国
1003479,历史 钱穆 政治 中国历史 中国历代政治得失 中国 经典 国学
5366248,历史 欧洲史 欧洲 科普 文化 通俗 通识 极简
1813841,人类学 历史 社会学 社会文化史 杰拉德·戴蒙德 社会 科普 生物地理学
26943161,未来 人类史 社会学 尤瓦尔·赫拉利 人类学 思维 科普 历史
10471333,历史 孔飞力 社会学 清代史 社会学和人类学 叫魂 海外汉学 生活·读书·新知三联书店
4242172,心理学 精神病学 心理 哲学 精神病 社会学 高铭 量子物理
1775691,心理学 成长 少有人走的路 心理 心智 励志 人生 爱
3533221,心理学 沟通 人际沟通 非暴力沟通 心理 人际关系 沟通术 情感
1476651,心理学 社会心理学 心理 社会学 认识自己 社会心理 专业书 psychology
10786473,自控力 心理学 自我管理 个人管理 心理 提升 控制 励志
1056295,人性的弱点 卡耐基 心理学 励志 人性 心理 思维 人生
1786387,心理学 影响力 营销 管理 社会心理 营销心理 心理 商业
3026879,心理学 弗洛姆 爱的艺术 爱情 哲学 心理 情感 心智
2328458,心理学 社会心理学 社会学 心理 社会性动物 人类学 社会 美国
2340100,"遇见未知的自己 灵修 心理 心理学 精神之旅 修行 亲爱的,外面没有别人,只有你自己 心智"
10785583,心理学 思维 心理学、思维、决策 丹尼尔·卡尼曼 经济学 决策 心理 经典
6811366,哲学 美国 旅游行走系列 科学技术哲学 小说 社会学 禅 二元论
1792668,林语堂 传记 苏东坡 苏东坡传 历史 中国文学 苏轼 文化
5346110,投资 查理·芒格 思维 智慧 金融 价值投资 传记 经济
26929955,互联网 腾讯 企业史 吴晓波 传记 商业 创业 公司
1037602,传记 费曼 科普 物理 别闹了，费曼先生 人物 科学家 自传
6152040,维特根斯坦 传记 哲学 人物传记 哲学家，传记，维特根斯坦 天才 英国 Ludwig_Wittgenstein
1795079,社会学 费孝通 乡土中国 社会学　中国农村 中国社会 文化 社会 中国
25836270,社会学 日本 女性研究 女性 女性主义 上野千鹤子 女权主义 日本文化
1062193,传媒 文化 传播学 娱乐至死 社会 美国 媒介 娱乐
26576861,死亡 医学 社会学 伦理 社会 阿图·葛文德 老龄化 美国
3813669,刘瑜 民主 政治 美国 随笔 社会学 政治学 社会
1027191,美国 林达 政治 历史 文化 社会 民主 随笔
3162991,艺术 艺术史 贡布里希 艺术的故事 历史 文化 美术学 经典
2143732,卡勒德·胡塞尼 阿富汗 灿烂千阳 女性 小说 外国文学 苦难 卡勒德·胡赛尼
4818177,英国 文化 社会学 人类学 英国人的言行潜规则 文化研究 社会 三联
1941558,设计 原研哉 日本 设计中的设计 艺术 设计与文化 Design 设计理论
26417490,艺术 蒋勋 西方美术史 美学 艺术史 美术史 绘画 历史
1017818,艺术 约翰·伯格 摄影 视觉文化 艺术评论 影像阅读 文化 视觉
1040466,美学 朱光潜 艺术 哲学 文艺理论 谈美 人文 中国
26435510,电影 艺术 塔可夫斯基 安德烈·塔可夫斯基 俄罗斯 美学 雕刻时光 关于电影
4282084,摄影 苏珊·桑塔格 艺术 文化 文化研究 美国 美学 苏珊・桑塔格
6781808,杀死一只知更鸟 成长 美国文学 经典 小说 教育 外国文学 哈珀·李
3323633,设计 平面设计 艺术 Design 视觉 基础理论 计算机 Web
4230237,设计 原研哉 日本 艺术 设计学 Design 藝術設計私生活 设计中的设计
26664522,设计 艺术/设计 入门 平面设计 设计思维 艺术 Design 科普
6790599,设计 色彩 平面设计 日本 艺术 配色 日本设计 用户体验
1827702,用户体验 交互设计 网页设计 设计 Web 可用性 UI 网站设计
2035179,乔治·奥威尔 政治寓言 小说 极权主义 反乌托邦 外国文学 英国 政治
1321789,反乌托邦 赫胥黎 小说 英国 美丽新世界 政治 外国文学 科幻
26848051,建筑 王澍 设计 艺术 美学 传统文化 中国 随笔
4082434,建筑 中國古建築 古建筑 李乾朗 中国 建筑史 文化 人文
5408858,建筑 安藤忠雄 传记 日本 设计 艺术 励志 荒木经惟
1070711,建筑 北京 历史 城市 城市规划 梁思成 文化 城市改造
1326833,城市规划 城市 社会学 建筑 美国 城市文化 雅各布斯 社会
1009270,建筑 梁思成 中国建筑史 建筑史 历史 艺术 文化 中国
1850710,建筑 城市设计 芦原义信 街道 日本 城市 设计 美学
1393903,建筑 城市设计 行为心理学 空间 城市规划 设计 城市 建筑理论
2247913,建筑 建筑理论 建构 弗兰普顿 建构文化研究 建筑史 弗兰姆普顿 文化
1431870,安·兰德 小说 个人主义 哲学 美国 外国文学 理想，勇气，爱 源泉
27069101,建筑 丰子恺 艺术 建筑设计 美学 艺术史 藝術 室内设计
25886351,历史 耶路撒冷 宗教 中东 文化 耶路撒冷三千年 政治 世界史
3406401,赫尔曼·黑塞 小说 德国 黑塞 宗教 外国文学 佛教 德国文学
1228110,丹·布朗 悬疑 小说 宗教 推理 天使与魔鬼 美国 外国文学
3649782,悬疑 推理 宗教 丹·布朗 小说 外国文学 美国 知识悬疑
5990251,西藏 宗教 佛学 生死 索甲仁波切 身心灵 佛教 文化
1433411,社会学 马克斯·韦伯 新教伦理与资本主义精神 宗教 哲学 社会科学 经典 历史
3836566,小说 意大利 推理 外国文学 艾柯 宗教 意大利文学 UmbertoEco
7174792,神话 宗教 神话学 心理学 文化 艺术 美国 写作
4171951,丹·布朗 悬疑 小说 宗教 推理 美国 失落的秘符 外国文学
27062726,贾樟柯 电影 随笔 电影研究 文化 艺术 理想国 中国
26717137,编剧 写作 电影理论 电影 罗伯特·麦基 文学 好书，值得一读 理论
1032063,托克维尔 历史 法国大革命 政治学 政治 社会思想 法国 制度
3057556,社会学 社会心理学 群体心理学 心理学 狂热分子 政治学 社会 政治
3101021,政治学 极权主义 阿伦特 政治哲学 汉娜·阿伦特 政治 哲学 历史
1468426,霍布斯 政治哲学 政治学 哲学 政治 英国 社会科学 法律
1291204,科普 哲学 逻辑 数学 人工智能 科学 哥德尔 计算机
10750155,数学 计算机 科普 吴军 计算机科学 互联网 科学 Programming
1102715,科普 数学 科学 自然科学 从一到无穷大 伽莫夫 物理 经典
2124114,数学 思维 方法论 怎样解题 思想和方法 学习 问题解决 波利亚
2201479,数学 概率统计 统计学 概率论与数理统计 概率论 概率论与数理统计（陈希儒） 陈希儒 统计
1675478,历史 鸦片战争 茅海建 近代史 中国近代史 天朝的崩溃 中国历史 晚清
1015699,历史 黄仁宇 中国大历史 中国历史 中国 中国史 大历史 人文
1949338,历史 明朝那些事儿 当年明月 明朝 明史 小说 中国历史 中国
1046492,历史 钱穆 国史大纲 中国历史 国学 经典 中国史 中国
10434849,历史 钱穆 政治 中国历史 制度 中国 文化 经典
4842446,齐邦媛 回忆录 台湾 纪实文学 历史 传记 巨流河 三联书店
1191433,溥仪 传记 历史 回忆录 清史 我的前半生 人物传记 中国
1859140,回忆录 何兆武 西南联大 上学记 历史 传记 随笔 人生
3888123,写作 斯蒂芬·金 回忆录 传记 写作这回事 文学 美国 外国文学
20441569,历史 普里莫•莱维 回忆录 纳粹 集中营 二战 意大利文学 意大利
2040853,历史 溥仪 庄士敦 回忆录 清末 紫禁城 紫禁城的黄昏 纪实
5375620,哲学 凯文·凯利 互联网 思想 进化论 智能 文化 美国
1012307,福柯 社会学 哲学 规训与惩罚 法国 西方哲学 思想 监狱
1036541,福柯 哲学 疯癫与文明 社会学 法国 西方哲学 思想 文化理论
2083981,了凡四训 佛学 哲学 命运 国学 宗教 励志 佛教
1009789,老子 哲学 道德经 道家 国学 中国智慧 经典 道
7000811,历史 钱穆 中国通史 中国历史 国学 经典 通史 中国
1011215,南怀瑾 国学 论语 论语别裁 哲学 中国文化 经典 孔子
26759508,传记 马斯克 人物传记 科技 商业 创业 互联网 美国
1037060,曾国藩 传记 人物传记 历史 历史小说 唐浩明 中国历史 小说
1076685,传记 李鸿章 梁启超 历史 人物传记 近代史 晚清 李鸿章传
5246800,毛泽东 传记 人物传记 历史 中国 政治 人物 中国近代史
25810506,传记 史蒂夫·乔布斯 人物传记 苹果 商业 乔布斯 美国 经典
26708306,北欧 旅行 人文 文化 斯堪的纳维亚 历史 文化研究 社会
6712255,人类学 田野调查 社会学 英国 文化 人文 社会 旅行
1958685,美学 艺术 艺术史 艾柯 美的历史 意大利 历史 文化
25774379,艺术史 艺术 高居翰 绘画 中国 美术/美术史 海外中国研究 历史
3095037,音乐 古典音乐 音乐欣赏 艺术 音乐教程 西方古典音乐 音乐学 西方音乐
1047719,傅雷 教育 书信 家书 经典 文化 艺术 散文
20387173,绘画 自学画画 画画 美术 简单绘画 学习 设计 素描的诀窍
1154707,素描 绘画 艺术 素描的诀窍 绘画基础 美术 绘画学习 设计
1441853,伯里曼人体结构绘画教学 绘画 艺术 人体 素描 绘画基础 美术 伯里曼
5263615,绘画 艺术 思维 入门 右脑 学习 丰富人生 美国
1951547,绘画 艺术 思维 像艺术家一样思考 绘画基础 美术 设计 思维重启——一切价值的重估
1036613,老舍 戏剧 中国文学 话剧 经典 茶馆 中国 现代文学
27012140,尤金·奥尼尔 戏剧 美国文学 美国 自传 外国文学 文学 剧本
3100584,莎士比亚 戏剧 英国 悲剧 英国文学 外国文学 经典 朱生豪
1012117,莎士比亚 戏剧 仲夏夜之梦 外国文学 英国 文学 外国名著 名著
26649304,戏剧 达里奥·福 意大利 荒诞 讽刺 诺贝尔文学奖 意大利文学 外国文学
1009043,曹禺 戏剧 中国文学 话剧 日出 剧本 中国 现代文学
2359052,尼采 哲学 查拉图斯特拉如是说 西方哲学 德国 经典 生活·读书·新知三联书店 三联
1004699,哲学 叔本华 作为意志和表象的世界 西方哲学 德国 悲观主义 经典 思想
1216737,哲学 康德 纯粹理性批判 西方哲学 德国 古典哲学 经典 理性
1063852,尼采 哲学 悲剧的诞生 西方哲学 美学 德国 周国平 文艺评论
26107897,哲学 萨特 存在主义 西方哲学 法国 虚无 法国文学 存在
26354440,历史 二战后的欧洲 二战 欧洲史 欧洲 甲骨文 社会史 英国
1042434,二战 安妮日记 外国文学 日记 传记 战争 少女 德国
20440053,南京大屠杀 历史 张纯如 二战 中国历史 纪实 暴行 中国
26431326,小说 二战 外国文学 温暖 安东尼·多尔 普利策 文学 美国文学
1476213,历史 中国近代史 徐中约 近代史 中國近代史 中国 中国历史 中國歷史
25938605,历史 太平天国 海外中国研究 中国近代史 裴士鋒 中国近现代史 中国历史 近代史
26700745,历史 民国知识分子 民国 人物传记 文化 文人 传记 文学
25752592,历史 欧洲史 文化 文化史 雅克•巴尔赞 欧洲 近代史 美国
3055477,蒋梦麟 历史 传记 近代史 文化 西潮 知识分子 思想
1491537,历史 中国近代史 陈旭麓 近代史 中国历史 近代中国 社会 近世变迁
26820347,共产党 历史 红军 中国近代史 好书，值得一读 纪实 埃德加·斯诺 中国史
3297466,兰晓龙 我的团长我的团 小说 远征军 战争 中国 缅北之战 中国文学
1963912,佛学 宗萨蒋扬钦哲仁波切 宗教 哲学 佛教 正见 思想 西藏
1409704,南怀瑾 佛学 金刚经 宗教 哲学 佛教 国学 经典
1038746,佛教 宗教 佛学 赵朴初 入门 大家小书 文化 佛教常识答问
10491608,考古 历史 考古学 三联 人类学 神祇、陵墓与学者 新知文库 考古學
1015748,波普尔 哲学 自由主义 社会学 政治哲学 政治学 社会思想 政治
1443638,哈耶克 自由主义 经济学 政治学 政治哲学 自由宪章 哲学 政治
1028268,罗尔斯 政治哲学 哲学 正义论 政治学 伦理学 法学 正义
1005813,哈耶克 自由主义 政治学 经济学 哲学 政治 自由 思想
2155342,经济学 哈耶克 货币 经济 奥地利学派 自由主义 金融 政治哲学与现代实践政治学
26265303,艺术 绘画 顾爷 艺术史 绘本 顾孟劼 很精辟有趣的一本书！~ 中国
10763902,小说 马克李维 法国 小清新 治愈 法国文学 温情 外国文学
24934182,一个人的朝圣 自我发现 小说 心灵 旅行 英国文学 人生 外国文学
7060185,纪实中国 纪实 何伟 中国 旅行 随笔 社会 美国@Peter_Hessler
1962923,林达 西班牙 旅行 游记 历史 随笔 文化 西班牙旅行笔记
1050339,余秋雨 散文 文化苦旅 随笔 文化 中国文学 游记 旅行
26371317,多重人格 心理学 心理 犯罪 小说 纪实 美国 外国文学
26609645,张艺兴 全世界最好的张艺兴 好书，值得一读 真诚 张艺兴24而立 励志 回馈粉丝，心灵鸡汤 小绵羊
26986954,女性 那不勒斯四部曲 埃莱娜•费兰特 小说 外国文学 意大利文学 意大利 文学/小说
27204805,那不勒斯四部曲 女性 意大利文学 埃莱娜•费兰特 人生观 小说 外国文学 友谊
20492971,家庭 阿耐 小说 女性 都挺好 婚姻 近现代中国 商业
1082349,王安忆 小说 长恨歌 中国文学 女性 老上海 旧上海 文学
27176353,摄影 艺术 约翰·伯格 视觉文化 艺术理论 视觉 理想国 英国
26584286,教育 大学 吴军 留学 文化 思考 人生必读 成长
24753751,女性 职业发展 自我完善 职场 谢丽尔·桑德伯格 传记 女性主义 美国
6938350,销售 营销 职场 自我修炼 心理学 商业 管理 市场营销
5325618,个人管理 自我管理 自我修炼 成长 管理 思维 方法论 励志
26717928,美食 日本 饮食 日本文化 森下典子 日本文学 随笔 文化
4246151,美食 生活 随笔 饮食 庄祖宜 台湾 厨房里的人类学家 文化
26899220,汪曾祺 生活 散文 生活，是很好玩的 随笔 散文随笔 美食 文学
20470917,深夜食堂 漫画 日本 美食 绘本 安倍夜郎 日本漫画 饮食
1393447,人类学 列维·斯特劳斯 社会学 忧郁的热带 游记 法国 结构主义 文化
26708780,旅行 非洲 毕淑敏 游记 随笔 好书，值得一读 散文随笔 我想读这本书
27203505,历史 历史地理 旅行 蒙元史 罗新 历史学 实地考察 游记
25753361,旅行 傅真 游记 最好金龟换酒 在路上 随笔 中国 青春
3834938,与神对话 心灵 灵修 哲学 尼尔·唐纳德·沃尔什 心理学 宗教 思维
3266968,励志 心理学 心灵哲学 秘密 灵修 心理 心灵 心探索
6526752,克里希那穆提 灵修 哲学 生命之书 心灵 心灵成长 心理学 胡因梦
3158482,灵修 心理学 心灵成长 心灵 修行 灵性 成长 张德芬
24758481,灵修 心理学 成长 心理 心灵 思维 身心灵 当下的力量
26392337,哲学 灵修 与神对话 灵魂圣经 心理学 外国文学 好书，值得一读 心理
24863163,心理学 灵修 心灵成长 肯•威尔伯 死亡 心理 哲学 修行
2347737,深夜加油站遇见苏格拉底 灵修 励志 哲学 成长 心灵 心理 心理学
6807767,心理学 自我疗愈 拥抱你的内在小孩 灵修 心理 成长 疗伤心理 心灵
25717097,健身 自身体重训练 锻炼 运动 健康 坚持 生活 囚徒健身
3318174,戒烟 健康 这书能让你戒烟 心理学 思维方式 生活 心理 生活健康
7067916,健身 施瓦辛格 运动 肌肉 健美 健康 运动健身 男人
26876440,科普 生物学 健康 趣味科普 医学健康 王立铭 食品营养 科学史
27029890,治愈 我想读这本书 情感 小说 想读，一定很精彩！ 外国文学 弗雷德里克·巴克曼 瑞典文学
6507262,恋爱 情感 心理学 爱情 两性 心理 社会心理学 婚恋
25891771,渡边淳一 日本文学 情爱 日本 两性 小说 爱情 情感
26642866,友情 温暖 治愈系 外国文学 心灵成长 小说 好书，值得一读 情感
1223845,心理学 两性 男人来自火星女人来自金星 情感 沟通 爱情 心理 家庭
1444900,爱情 心理学 爱的五种语言 婚姻 交流，婚姻，人际关系 爱 人际关系 心理
5287474,心理学 影响力 营销 社会学 人际关系 心理 管理 管理学
5344908,人际交往 社交 沟通 励志 成长 管理 人际关系 美国
5356342,两性 心理学 情感 爱情 男人来自火星，女人来自金星 心理 男人女人 人际关系
3875750,性学 两性 完美伴侣 性 日本 爱情 生活 沟通
11442509,心理学，恋爱，依恋心理学，回避型，焦虑型，安全型，爱情 心理学 恋爱心理学 爱情 情感 读懂恋人心 两性 心理
26319527,弗洛伊德 心理学 性学 精神分析 性 哲学 心理 两性
4262114,渡边淳一 女性 两性 日本 心理 心理学 日本文学 渡边淳一，两性关系
5356341,爱情 两性 心理学 情感 男人来自火星，女人来自金星 心理 男人女人 人际关系
1018426,服装裁剪 服装制作 服装设计 缝纫 服装 手工 裁剪图解 设计
23860392,健康 中医 养生 吴清忠 自主修复 血气 自然疗法 喜欢的书
1440885,养生 健康 中医 人体使用手册 保健 医学 生活 科普
25917319,中医 黄帝内经 养生 徐文兵 梁冬 健康 国学 文化
2000641,养生 中医 健康 求医不如求己 保健 经络 医学 生活
25732461,住宅设计 室内设计 设计 日本 家居 建筑 装修 生活
4746128,无印良品 家居 设计 日本 室内设计 生活 muji 原研哉
26826899,建筑美学 家居 设计 中村好文 日本 建筑 生活艺术 生活
25849536,洛艺嘉 旅行，非常好，心灵之旅 旅行 在全世界的边缘呼唤爱 心灵 治愈系 自助游 游记
10566257,旅行 出国自助游 自助游 绕着地球去旅行 三少 自助遊 游记 2012
1028842,经济学 经济学原理 曼昆 经济学入门 经济 经典 教材 economics
3719533,经济学 曼昆 微观经济学 经济学原理 经济 经典 教材 金融
3000997,经济学 牛奶可乐经济学 经济 经济学科普书 科普 生活-理财投资 FUNNY！ 管理
26582558,经济学 经济 薛兆丰 罗辑思维 经济自由主义 思维 经管 罗胖推荐
1970428,吴晓波 企业史 经济 商业 历史 中国 激荡三十年 经济学
11626951,经济学 林毅夫 中国经济 经济 中国 宏观经济学 金融 理论
1322025,管理 德鲁克 管理学 卓有成效的管理者 彼得·德鲁克 管理经典 商业 经典
1020644,思维 逻辑 金字塔原理 写作 管理 思考 麦肯锡 工具书
1048007,个人管理 高效能人士的七个习惯 管理 时间管理 励志 效率 习惯 成功学
27179563,吴晓波 企业史 中国经济 经济 商业 中国商业 通俗财经 历史
3432304,改革开放 小说 阿耐 经济 中国 大江东去 商战 社会
26270679,零售 商业 营销 经营 管理 日本 7-11 创业
4243770,商业 管理 创新 创业 思维 互联网 创新者的窘境 战略
5382213,股票 投资 金融 投机 传记 投资理财 证券 经典
5939751,金融 金融学 经济学 经济 投资&金融&经济 米什金 教材 货币金融学
26290085,投资 财务 财务分析 财报 股票 理财 金融 经济
1046164,投资 巴菲特 金融 理财 股票 经济 证券 管理
25942507,营销 互联网 小米 商业 管理 小米内部营销手册 创业 雷军
20473412,营销 品牌 心理学 商业 品牌洗脑 马丁·林斯特龙 社会学 经济
4912165,销售 营销 市场营销 商业 谈判 管理 心理学 终身学习
24854628,文案 写作 广告 营销 创意发想 创意 网络营销 职场
4249967,理财 财务自由 投资 投资理财 生活理财 财务 经济 理财入门书
27094706,理财 个人管理 李笑来 投资理财 个人提高 思维 方法论 心智
3291111,理财 投资理财 财商 富爸爸穷爸爸 投资 经济 自我完善 罗伯特·T·清崎
26590267,理财 投资理财 职业规划 成长 职场 励志 时间管理 工作
1095634,理财 理财入门书 小狗钱钱 生活-理财投资 投资 童话 经济 教育
2051332,基金 理财 投资 投资理财 入门 解读基金 金融 经济
27009488,理财 财务自由 投资理财 个人成长 投资 经济学 小狗钱钱作者 好书，值得一读
11516567,创业 管理 精益创业 商业 互联网 科技创业 产品经理 市场营销
5921213,创业 商业 管理 思维 经济 营销 战略 经管
1087737,股票 投资 技术分析 日本蜡烛图技术 金融 证券 理财 经济
1182173,股票 投资 理财 金融 炒股的智慧 证券 股市 投机
1728725,投资 股票 金融 价值投资 投资理财 证券 理财 经济
3043970,投资 金融 理财 经济 股票 华尔街 经济学 经典
26849910,股票 投资 投资理财 金融 经典投资书籍 理财 交易 投机
6974582,股票 投资 金融 杰西·利弗莫尔 投机 投资理财 传记 回忆录
26427930,投资 股票 投资理财 理财 价值投资 金融 股市进阶之道：一个散户的自我修养 经济学
4899351,广告 大卫·奥格威 营销 传媒 创意 一个广告人的自白 奥格威 思想
6509957,广告 营销 创意 思维 BBDO 广告公司 心理学 菲尔.杜森伯里
2223180,广告 文案 创意 顶尖文案 广告文案 艺术/创意/生活 广告学 Copy
2380307,吴晓波 企业史 经济 商业 历史 激荡三十年 中国改革 中国
2064450,吴晓波 商业 商业案例 经济 企业史 管理 大败局 企业管理
25968115,经济 吴晓波 商业 历史 中国 经济学 当代史 企业史
3313327,吴晓波 历史 商业 企业史 经济 中国 跌荡一百年 经济金融史
3151575,经济 吴晓波 历史 商业 中国 激荡三十年 企业 国情
4010186,吴晓波 历史 经济 企业史 商业 中国 经济学 中国商业
6052860,管理 海底捞 营销 商业 经营管理 人性化 商业经营 中信出版社
5379353,吴晓波 商业 企业史 案例 经济 管理 经济学 企业
1852664,策划 活动策划 活动策划完全手册 营销 活动 活动策划者 市场营销 工作
26655503,文案 广告 营销 策划 文案写作 锤炼我的文案 互联网 运营
1034282,科普 史蒂芬·霍金 时间简史 宇宙 物理 科学 时间 物理学
1467022,科普 量子物理 物理 科学史 量子力学 科学 物理学 哲学
11445548,自私的基因 科普 心理学 进化论 理查德·道金斯 哲学 科学人文 进化
26838557,人工智能 大数据 互联网 吴军 科技 商业 科普 未来
5914587,产品经理 产品设计 产品 互联网 用户体验 产品管理 交互设计 项目管理
1477390,编程 代码大全 软件开发 计算机 软件工程 程序设计 programming 代码
4199741,编程 代码整洁之道 软件工程 软件开发 计算机 Programming 编程实践 程序设计
3227098,编程 算法 编程艺术 计算机 程序设计 算法与数据结构 计算机科学 programming
4822685,计算机 计算机科学 计算机原理 编程 编码 科普 底层探索 技术
2243615,设计模式 计算机 编程 软件工程 Headfirst 软件设计 java 软件开发
26697350,科普 宇宙 天文 宇宙学 科学 我想读这本书 想读，一定很精彩！ 好书，值得一读
27168433,科普 基因 生物学 遗传学 科学 进化论 医学 好书，值得一读
6749832,科普 复杂系统 思维 复杂 科学 人工智能 计算机 第一推动丛书
3930318,科普 物理 宇宙 时空 科学 加来道雄 物理学 数学与自然科学
5394309,交互设计 设计 用户体验 简约设计 产品设计 互联网 心理学 Design
6523997,用户体验 交互设计 产品经理 产品设计 互联网 设计 产品 UE
6792322,交互设计 设计 用户体验 认知心理 心理学 UED 交互 界面
2297549,用户体验 交互设计 互联网 用户体验要素 设计 UE 产品 产品经理
